,product_category_name,product_category_name_english,product_category
0,beleza_saude,health_beauty,Health and Beauty
1,informatica_acessorios,computers_accessories,Electronics
2,automotivo,auto,Electronics
3,cama_mesa_banho,bed_bath_table,Furniture
4,moveis_decoracao,furniture_decor,Furniture
5,esporte_lazer,sports_leisure,Entertainment
6,perfumaria,perfumery,Health and Beauty
7,utilidades_domesticas,housewares,House and Garden
8,telefonia,telephony,Electronics
9,relogios_presentes,watches_gifts,Electronics
10,alimentos_bebidas,food_drink,Food and Drinks
11,bebes,baby,Fashion
12,papelaria,stationery,Books
13,tablets_impressao_imagem,tablets_printing_image,Electronics
14,brinquedos,toys,Entertainment
15,telefonia_fixa,fixed_telephony,Electronics
16,ferramentas_jardim,garden_tools,Furniture
17,fashion_bolsas_e_acessorios,fashion_bags_accessories,Fashion
18,eletroportateis,small_appliances,Electronics
19,consoles_games,consoles_games,Electronics
20,audio,audio,Electronics
21,fashion_calcados,fashion_shoes,Fashion
22,cool_stuff,cool_stuff,Fashion
23,malas_acessorios,luggage_accessories,House and Garden
24,climatizacao,air_conditioning,Electronics
25,construcao_ferramentas_construcao,construction_tools_construction,Construction Materials
26,moveis_cozinha_area_de_servico_jantar_e_jardim,kitchen_dining_laundry_garden_furniture,Furniture
27,construcao_ferramentas_jardim,costruction_tools_garden,House and Garden
28,fashion_roupa_masculina,fashion_male_clothing,Fashion
29,pet_shop,pet_shop,House and Garden
30,moveis_escritorio,office_furniture,Furniture
31,market_place,market_place,House and Garden
32,eletronicos,electronics,Electronics
33,eletrodomesticos,home_appliances,House and Garden
34,artigos_de_festas,party_supplies,Entertainment
35,casa_conforto,home_confort,House and Garden
36,construcao_ferramentas_ferramentas,costruction_tools_tools,House and Garden
37,agro_industria_e_comercio,agro_industry_and_commerce,Construction Materials
38,moveis_colchao_e_estofado,furniture_mattress_and_upholstery,Furniture
39,livros_tecnicos,books_technical,Books
40,casa_construcao,home_construction,Furniture
41,instrumentos_musicais,musical_instruments,Electronics
42,moveis_sala,furniture_living_room,Furniture
43,construcao_ferramentas_iluminacao,construction_tools_lights,House and Garden
44,industria_comercio_e_negocios,industry_commerce_and_business,Construction Materials
45,alimentos,food,Food and Drinks
46,artes,art,Entertainment
47,moveis_quarto,furniture_bedroom,Furniture
48,livros_interesse_geral,books_general_interest,Books
49,construcao_ferramentas_seguranca,construction_tools_safety,Construction Materials
50,fashion_underwear_e_moda_praia,fashion_underwear_beach,Fashion
51,fashion_esporte,fashion_sport,Fashion
52,sinalizacao_e_seguranca,signaling_and_security,Electronics
53,pcs,computers,Electronics
54,artigos_de_natal,christmas_supplies,Entertainment
55,fashion_roupa_feminina,fashio_female_clothing,Fashion
56,eletrodomesticos_2,home_appliances_2,House and Garden
57,livros_importados,books_imported,Books
58,bebidas,drinks,Food and Drinks
59,cine_foto,cine_photo,Entertainment
60,la_cuisine,la_cuisine,House and Garden
61,musica,music,Entertainment
62,casa_conforto_2,home_comfort_2,Furniture
63,portateis_casa_forno_e_cafe,small_appliances_home_oven_and_coffee,Electronics
64,cds_dvds_musicais,cds_dvds_musicals,Entertainment
65,dvds_blu_ray,dvds_blu_ray,Entertainment
66,flores,flowers,House and Garden
67,artes_e_artesanato,arts_and_craftmanship,Entertainment
68,fraldas_higiene,diapers_and_hygiene,Health and Beauty
69,fashion_roupa_infanto_juvenil,fashion_childrens_clothes,Fashion
70,seguros_e_servicos,security_and_services,Electronics
